priority,query_cluster,intent,preferred_url,action,search_volume,basis
P1,kegel app; kegels app; pelvic floor app; kegel exercise app; kegel workout app,commercial,/,"Reposition homepage; show genuine app UI, privacy, pricing boundaries",NOT MEASURED,Intent-based hypothesis; validate with GSC and App Store Connect
P1,kegel app iPhone; kegel app iOS,commercial,/,State iPhone compatibility and clear App Store CTA,NOT MEASURED,Intent-based hypothesis; validate with GSC and App Store Connect
P1,free kegel app; free pelvic floor app,commercial,/,Explain free download versus paid functionality; do not imply fully free app,NOT MEASURED,Intent-based hypothesis; validate with GSC and App Store Connect
P1,kegel timer; pelvic floor exercise timer,product feature,/features.html,Show timing and rest controls supported by current app,NOT MEASURED,Intent-based hypothesis; validate with GSC and App Store Connect
P1,kegel reminder app; private kegel app; haptic kegel app,product feature,/features.html,Real feature demos and limitations,NOT MEASURED,Intent-based hypothesis; validate with GSC and App Store Connect
P1,best kegel apps for men; best male kegel app,comparison,/articles/best-kegel-apps-for-men/,Update evidence and transparent testing method,NOT MEASURED,Intent-based hypothesis; validate with GSC and App Store Connect
P1,kegel app vs device; pelvic floor app vs trainer,comparison,/articles/kegel-app-vs-kegel-trainer-device/,Separate timing cues from biofeedback,NOT MEASURED,Intent-based hypothesis; validate with GSC and App Store Connect
P1,kegel exercise game; gamified kegel app,product education,/articles/kegel-exercise-game/,Remove unsupported superiority and correctness claims,NOT MEASURED,Intent-based hypothesis; validate with GSC and App Store Connect
P2,kegel exercises for men; pelvic floor exercises for men; how to do kegels correctly,educational,/articles/how-to-do-kegels-without-doing-them-wrong/,Develop existing URL as main male technique guide; distinct from troubleshooting,NOT MEASURED,Intent-based hypothesis; validate with GSC and App Store Connect
P2,am I doing kegels wrong; kegel mistakes,troubleshooting,/articles/am-i-doing-kegels-wrong/,Differentiate from main technique guide or merge after GSC review,NOT MEASURED,Intent-based hypothesis; validate with GSC and App Store Connect
P2,how to find pelvic floor muscles men,educational,/articles/how-to-find-pelvic-floor-muscles-men/,Narrow muscle identification question; clinical review,NOT MEASURED,Intent-based hypothesis; validate with GSC and App Store Connect
P2,how many kegels a day for men,educational,/articles/how-many-kegels-a-day-for-men/,Explain variation; avoid universal prescription,NOT MEASURED,Intent-based hypothesis; validate with GSC and App Store Connect
P2,how long do kegels take to work men,educational,/articles/how-long-do-kegels-take-to-work-for-men/,Provisional consolidation destination; confirm using GSC and links,NOT MEASURED,Intent-based hypothesis; validate with GSC and App Store Connect
P2,how to remember to do kegels; daily kegel habit,habit,/articles/how-to-remember-to-do-kegels-every-day/,Provisional consolidation destination; demonstrate reminder setup,NOT MEASURED,Intent-based hypothesis; validate with GSC and App Store Connect
P2,kegels at desk; discreet kegel exercises,habit,/articles/how-to-do-kegels-at-your-desk/,Link contextually to timing and haptic features,NOT MEASURED,Intent-based hypothesis; validate with GSC and App Store Connect
P2,kegel exercises for women; pelvic floor exercises women,educational,/articles/kegel-exercises-for-women/,Female context and clinical review; separate from male guide,NOT MEASURED,Intent-based hypothesis; validate with GSC and App Store Connect
P2,morse code kegel training,brand product,/articles/morse-code-kegel-training/,First-hand development explanation and real app demo,NOT MEASURED,Intent-based hypothesis; validate with GSC and App Store Connect
P3,reverse kegels men; pelvic floor relaxation men,educational,/articles/reverse-kegels-for-men/,Limits of strengthening app; no treatment promises,NOT MEASURED,Intent-based hypothesis; validate with GSC and App Store Connect
P3,can you do too many kegels; overdoing kegels,safety,/articles/can-you-do-too-many-kegels/,Clinical review and context,NOT MEASURED,Intent-based hypothesis; validate with GSC and App Store Connect
P3,dribbling after peeing men; post micturition dribble,symptom,/articles/dribbling-after-peeing-men/,Useful education; no app cure claims,NOT MEASURED,Intent-based hypothesis; validate with GSC and App Store Connect
P3,waking up to pee at night; can kegels help nocturia,symptom,/articles/waking-up-to-pee-at-night/,Multiple causes and limits; evaluate installation relevance,NOT MEASURED,Intent-based hypothesis; validate with GSC and App Store Connect
P3,do kegels increase size,myth,/articles/do-kegel-exercises-increase-size/,Maintain factual answer; low expansion priority,NOT MEASURED,Intent-based hypothesis; validate with GSC and App Store Connect
P3,do kegels help premature ejaculation,medical evidence,/articles/do-kegels-help-premature-ejaculation/,Retain editorial no-promotion exception,NOT MEASURED,Intent-based hypothesis; validate with GSC and App Store Connect
P3,pain after ejaculation; sperm cramps,symptom,/articles/pain-after-ejaculation-sperm-cramps/,Fix escaped title and clinical review,NOT MEASURED,Intent-based hypothesis; validate with GSC and App Store Connect
