url,status,title,title_length,description_length,h1_count,words,app_store_links,images,empty_alt,inlinks
"https://kegelmorsehero.com/","200","Kegel Morse Hero - Pelvic Floor Training with Morse Code Rhythms","64","164","1","200","3","5","0","33"
"https://kegelmorsehero.com/features.html","200","Features - Kegel Morse Hero Pelvic Floor Trainer","48","148","1","201","2","4","0","33"
"https://kegelmorsehero.com/how-to-use.html","200","How To Use - Kegel Morse Hero Pelvic Floor Trainer","50","141","1","175","2","2","0","33"
"https://kegelmorsehero.com/faq.html","200","FAQ - Kegel Morse Hero Pelvic Floor Trainer","43","123","1","204","2","2","0","33"
"https://kegelmorsehero.com/privacy.html","200","Privacy Policy - Kegel Morse Hero","33","104","1","126","2","2","0","33"
"https://kegelmorsehero.com/articles/","200","Male Pelvic Floor Guides | Kegel Morse Hero","43","116","1","884","1","26","24","33"
"https://kegelmorsehero.com/about/","200","About Kegel Morse Hero | Kegel Morse Hero","41","98","1","127","1","2","0","33"
"https://kegelmorsehero.com/editorial-policy/","200","Editorial Policy | Kegel Morse Hero","35","93","1","159","1","2","0","33"
"https://kegelmorsehero.com/medical-disclaimer/","200","Medical Disclaimer | Kegel Morse Hero","37","88","1","128","1","2","0","33"
"https://kegelmorsehero.com/articles/how-to-do-kegels-at-your-desk/","200","How to Do Kegels at Your Desk (Discreetly)","42","130","1","1394","2","3","1","6"
"https://kegelmorsehero.com/articles/how-to-remember-to-do-kegels-every-day/","200","How to Remember to Do Kegels Every Day","38","140","1","1662","1","3","1","8"
"https://kegelmorsehero.com/articles/do-kegel-exercises-increase-size/","200","Do Kegel Exercises Increase Size? No — Here’s Why","49","144","1","1170","2","3","1","4"
"https://kegelmorsehero.com/articles/how-long-do-kegels-take-to-work-for-men/","200","How Long Do Kegels Take to Work for Men?","40","135","1","1176","2","3","1","7"
"https://kegelmorsehero.com/articles/can-you-do-too-many-kegels/","200","Can You Do Too Many Kegels? Signs to Stop","41","131","1","1119","2","3","1","11"
"https://kegelmorsehero.com/articles/how-many-kegels-a-day-for-men/","200","How Many Kegels a Day for Men?","30","138","1","892","2","3","1","11"
"https://kegelmorsehero.com/articles/best-kegel-apps-for-men/","200","5 Best Kegel Apps for Men in 2026","33","136","1","1227","17","3","1","4"
"https://kegelmorsehero.com/articles/kegel-app-vs-kegel-trainer-device/","200","Kegel App vs Trainer Device: Which Is Better?","45","127","1","1107","2","3","1","4"
"https://kegelmorsehero.com/articles/morse-code-kegel-training/","200","Morse Code Kegel Training Explained","35","147","1","971","3","3","1","5"
"https://kegelmorsehero.com/articles/do-kegels-help-premature-ejaculation/","200","Do Kegels Help Premature Ejaculation?","37","150","1","1095","0","3","1","4"
"https://kegelmorsehero.com/articles/kegel-exercises-for-women/","200","Kegel Exercises for Women: A Beginner's Guide","45","154","1","817","2","3","1","4"
"https://kegelmorsehero.com/articles/core-workouts-for-women/","200","Core Workouts for Women: 7 Exercises","36","162","1","758","2","3","1","4"
"https://kegelmorsehero.com/articles/increase-male-sensitivity/","200","Reduced Penile Sensitivity: Causes & Steps","42","171","1","836","2","3","1","4"
"https://kegelmorsehero.com/articles/pain-after-ejaculation-sperm-cramps/","200","\""Sperm Cramps\"": Pain After Ejaculation Explained","50","154","1","696","2","3","1","4"
"https://kegelmorsehero.com/articles/edging-and-testosterone/","200","Is Edging Bad for Testosterone?","31","182","1","732","2","3","1","4"
"https://kegelmorsehero.com/articles/am-i-doing-kegels-wrong/","200","Am I Doing Kegels Wrong? 7 Signs & Fixes","40","127","1","448","2","3","1","5"
"https://kegelmorsehero.com/articles/how-to-find-pelvic-floor-muscles-men/","200","How to Find Pelvic Floor Muscles (Men)","38","137","1","482","2","3","1","8"
"https://kegelmorsehero.com/articles/kegel-exercise-game/","200","Kegel Exercise Games: Why They Work Better","42","129","1","419","2","3","1","5"
"https://kegelmorsehero.com/articles/how-long-do-kegels-take-to-work-men/","200","How Long Do Kegels Take to Work? Timeline","41","133","1","420","2","3","1","4"
"https://kegelmorsehero.com/articles/how-to-remember-to-do-kegels/","200","How to Remember to Do Kegels: 7 Tricks","38","124","1","567","2","3","1","5"
"https://kegelmorsehero.com/articles/reverse-kegels-for-men/","200","Reverse Kegels for Men: Learn to Let Go","39","153","1","474","2","3","1","5"
"https://kegelmorsehero.com/articles/dribbling-after-peeing-men/","200","Dribbling After Peeing? Why That Last Drop Happens","50","148","1","459","2","3","1","4"
"https://kegelmorsehero.com/articles/waking-up-to-pee-at-night/","200","Waking Up to Pee at Night: Can Kegels Help?","43","148","1","475","2","3","1","4"
"https://kegelmorsehero.com/articles/how-to-do-kegels-without-doing-them-wrong/","200","How to Do Kegels Without Doing Them Wrong","41","155","1","648","2","3","1","4"